Model,Accuracy,Precision,Recall,F1 Score
svm,0.8858672478324726,0.8889268582589066,0.8858672478324726,0.8855779406101638
decision_tree,1.0,1.0,1.0,1.0
knn,0.5105415265077936,0.5064449704781364,0.5105415265077936,0.5080911354116644
logistic_regression,0.7973658028142322,0.8092943332641706,0.7973658028142322,0.7974545906630319
random_forest,1.0,1.0,1.0,1.0
